label,text
0,名前佐
0,前佐藤
0,佐藤1
0,藤19
0,199
1,名前鈴
1,前鈴木
1,鈴木1
1,木19
1,199
2,名前高
2,前高橋
2,高橋1
2,橋19
2,199
3,名前田
3,前田中
3,田中1
3,中19
3,199
4,名前伊
4,前伊藤
4,伊藤1
4,藤19
4,199
5,名前山
5,前山本
5,山本1
5,本19
5,199
6,名前渡
6,前渡辺
6,渡辺1
6,辺19
6,199
7,名前中
7,前中村
7,中村1
7,村19
7,199
8,名前小
8,前小林
8,小林1
8,林19
8,199
9,名前加
9,前加藤
9,加藤1
9,藤19
9,199
10,名前吉
10,前吉田
10,吉田1
10,田19
10,199
11,名前山
11,前山田
11,山田1
11,田19
11,199
12,名前木
12,前木1
12,木19
12,199
13,名前山
13,前山口
13,山口1
13,口19
13,199
14,名前松
14,前松本
14,松本1
14,本19
14,199
15,名前井
15,前井上
15,井上1
15,上19
15,199
16,名前木
16,前木村
16,木村1
16,村19
16,199
17,名前林
17,前林1
17,林19
17,199
18,名前斎
18,前斎藤
18,斎藤1
18,藤19
18,199
19,名前清
19,前清水
19,清水1
19,水19
19,199
20,名前山
20,前山崎
20,山崎1
20,崎19
20,199
21,名前阿
21,前阿部
21,阿部1
21,部19
21,199
22,名前森
22,前森1
22,森19
22,199
23,名前池
23,前池田
23,池田1
23,田19
23,199
24,名前橋
24,前橋本
24,橋本1
24,本19
24,199
25,名前山
25,前山下
25,山下1
25,下19
25,199
26,名前石
26,前石川
26,石川1
26,川19
26,199
27,名前中
27,前中島
27,中島1
27,島19
27,199
28,名前前
28,前前田
28,前田1
28,田19
28,199
29,名前藤
29,前藤田
29,藤田1
29,田19
29,199
30,名前後
30,前後藤
30,後藤1
30,藤19
30,199
31,名前小
31,前小川
31,小川1
31,川19
31,199
32,名前岡
32,前岡田
32,岡田1
32,田19
32,199
33,名前村
33,前村上
33,村上1
33,上19
33,199
34,名前長
34,前長谷
34,長谷川
34,谷川1
34,川19
34,199
35,名前近
35,前近藤
35,近藤1
35,藤19
35,199
36,名前石
36,前石井
36,石井1
36,井19
36,199
37,名前斉
37,前斉藤
37,斉藤1
37,藤19
37,199
38,名前坂
38,前坂本
38,坂本1
38,本19
38,199
39,名前遠
39,前遠藤
39,遠藤1
39,藤19
39,199
40,名前藤
40,前藤井
40,藤井1
40,井19
40,199
41,名前青
41,前青木
41,青木1
41,木19
41,199
42,名前福
42,前福田
42,福田1
42,田19
42,199
43,名前三
43,前三浦
43,三浦1
43,浦19
43,199
44,名前西
44,前西村
44,西村1
44,村19
44,199
45,名前藤
45,前藤原
45,藤原1
45,原19
45,199
46,名前太
46,前太田
46,太田1
46,田19
46,199
47,名前松
47,前松田
47,松田1
47,田19
47,199
48,名前原
48,前原田
48,原田1
48,田19
48,199
49,名前岡
49,前岡本
49,岡本1
49,本19
49,199
50,名前中
50,前中野
50,中野1
50,野19
50,199
51,名前中
51,前中川
51,中川1
51,川19
51,199
52,名前小
52,前小野
52,小野1
52,野19
52,199
53,名前田
53,前田村
53,田村1
53,村19
53,199
54,名前竹
54,前竹内
54,竹内1
54,内19
54,199
55,名前金
55,前金子
55,金子1
55,子19
55,199
56,名前中
56,前中山
56,中山1
56,山19
56,199
57,名前和
57,前和田
57,和田1
57,田19
57,199
58,名前石
58,前石田
58,石田1
58,田19
58,199
59,名前工
59,前工藤
59,工藤1
59,藤19
59,199
60,名前上
60,前上田
60,上田1
60,田19
60,199
61,名前原
61,前原1
61,原19
61,199
62,名前森
62,前森田
62,森田1
62,田19
62,199
63,名前酒
63,前酒井
63,酒井1
63,井19
63,199
64,名前横
64,前横山
64,横山1
64,山19
64,199
65,名前柴
65,前柴田
65,柴田1
65,田19
65,199
66,名前宮
66,前宮崎
66,宮崎1
66,崎19
66,199
67,名前宮
67,前宮本
67,宮本1
67,本19
67,199
68,名前内
68,前内田
68,内田1
68,田19
68,199
69,名前高
69,前高木
69,高木1
69,木19
69,199
70,名前谷
70,前谷口
70,谷口1
70,口19
70,199
71,名前安
71,前安藤
71,安藤1
71,藤19
71,199
72,名前丸
72,前丸山
72,丸山1
72,山19
72,199
73,名前今
73,前今井
73,今井1
73,井19
73,199
74,名前大
74,前大野
74,大野1
74,野19
74,199
75,名前高
75,前高田
75,高田1
75,田19
75,199
76,名前菅
76,前菅原
76,菅原1
76,原19
76,199
77,名前河
77,前河野
77,河野1
77,野19
77,199
78,名前武
78,前武田
78,武田1
78,田19
78,199
79,名前藤
79,前藤本
79,藤本1
79,本19
79,199
80,名前上
80,前上野
80,上野1
80,野19
80,199
81,名前杉
81,前杉山
81,杉山1
81,山19
81,199
82,名前千
82,前千葉
82,千葉1
82,葉19
82,199
83,名前村
83,前村田
83,村田1
83,田19
83,199
84,名前増
84,前増田
84,増田1
84,田19
84,199
85,名前小
85,前小島
85,小島1
85,島19
85,199
86,名前小
86,前小山
86,小山1
86,山19
86,199
87,名前大
87,前大塚
87,大塚1
87,塚19
87,199
88,名前平
88,前平野
88,平野1
88,野19
88,199
89,名前久
89,前久保
89,久保1
89,保19
89,199
90,名前渡
90,前渡部
90,渡部1
90,部19
90,199
91,名前松
91,前松井
91,松井1
91,井19
91,199
92,名前菊
92,前菊地
92,菊地1
92,地19
92,199
93,名前岩
93,前岩崎
93,岩崎1
93,崎19
93,199
94,名前松
94,前松尾
94,松尾1
94,尾19
94,199
95,名前佐
95,前佐野
95,佐野1
95,野19
95,199
96,名前木
96,前木下
96,木下1
96,下19
96,199
97,名前野
97,前野口
97,野口1
97,口19
97,199
98,名前野
98,前野村
98,野村1
98,村19
98,199
99,名前新
99,前新1
99,新19
99,199
100,名前1
100,前19
100,199
101,名前1
101,前19
101,199
102,名前1
102,前19
102,199
